title,url,summary,published_at,result_page,collected_at,search_term,source
Integração TEC: mais de 37% dos órgãos e empresas não seguem regras da LGPD,https://g1.globo.com/mg/zona-da-mata/mg1-zona-da-mata/video/integracao-tec-mais-de-37-dos-orgaos-e-empresas-nao-seguem-regras-da-lgpd-14903650.ghtml,Falhas na proteção de dados podem facilitar golpes e outros crimes. Veja esse e outros destaques do quadro.,2026-08-26T13:52:03-03:00,1,2026-09-16T13:15:37.481564+00:00,lgpd,G1
EmpregaTrans: capacitação gratuita para pessoas trans e travestis abre 30 vagas em Cuiabá; saiba como se inscrever,https://g1.globo.com/mt/mato-grosso/noticia/2026/09/15/empregatrans-capacitacao-gratuita-para-pessoas-trans-abre-30-vagas-em-cuiaba-saiba-como-se-inscrever.ghtml,"O EmpregaTrans é realizado pela Aliança Nacional LGBTI+ em parceria com o TRT-MT. Divulgação Estão abertas até 23 de setembro as inscrições para o projeto EmpregaTrans, que oferece capacitação profissional gratuita para pessoas transexuais e travestis em Cuiabá. O curso tem 30 vagas e prepara os...",2026-09-15T16:40:53.050Z,1,2026-09-16T13:15:37.481564+00:00,lgpd,G1
Brigou no avião? Você poderá ficar até um ano proibido de voar; entenda nova regra da Anac que está em vigor,https://g1.globo.com/turismo-e-viagem/noticia/2026/09/15/brigou-no-aviao-voce-podera-ficar-ate-um-ano-proibido-de-voar-entenda-nova-regra-da-anac-que-esta-em-vigor.ghtml,"Novas regras da Anac podem impedir por até 1 ano embarque de passageiros indisciplinados Enquanto confusões dentro de aviões se multiplicam em vídeos compartilhados nas redes sociais, a Agência Nacional de Aviação Civil (Anac) implementa nesta segunda-feira (14) um sistema de punições a passageiros...",2026-09-15T03:00:01.276Z,1,2026-09-16T13:15:37.481564+00:00,lgpd,G1
Por que o Brasil multou o TikTok e suspendeu lives do Discord? Entenda a diferença entre os casos,https://g1.globo.com/tecnologia/noticia/2026/08/25/por-que-a-anpd-multou-o-tiktok-e-suspendeu-lives-do-discord-entenda-a-diferenca-entre-os-casos.ghtml,"ANPD multa TikTok em R$ 153,7 milhões por falhas na proteção de menores A Agência Nacional de Proteção de Dados (ANPD) anunciou nesta terça-feira (25) a aplicação de multa de R$ 153,7 milhões ao TikTok após identificar irregularidades no tratamento de dados pessoais de crianças e adolescentes. O...",2026-08-25T19:27:03.279Z,1,2026-09-16T13:15:37.481564+00:00,lgpd,G1
Novos médicos cooperados concluem curso de formação,https://g1.globo.com/pe/petrolina-regiao/especial-publicitario/unimed-vale-do-sao-francisco-o-cuidado-esta-em-tudo/noticia/2026/09/04/novos-medicos-cooperados-concluem-curso-de-formacao.ghtml,"A capacitação teve carga horária de 8 horas com conteúdo teóricos e práticos. Arquivo Unimed O Nicoop – Núcleo de Integração Cooperativista e a diretoria executiva da Unimed Vale do São Francisco, concluíram no sábado (15/08), em Petrolina, o curso de formação cooperativista com a capacitação de 8...",2026-09-04T21:18:20.713Z,1,2026-09-16T13:15:37.481564+00:00,lgpd,G1
Como a comunicação digital transforma a experiência do consumidor,https://g1.globo.com/am/amazonas/especial-publicitario/amazon-copy/noticia/2026/09/08/como-a-comunicacao-digital-transforma-a-experiencia-do-consumidor.ghtml,"Da vitrine ao atendimento: como a comunicação digital transforma a experiência do consumidor Divulgação / Amazon Copy A forma como as marcas se comunicam com seus públicos está mudando. Em uma rotina cada vez mais conectada, consumidores e colaboradores convivem diariamente com conteúdos dinâmicos...",2026-09-09T19:32:31.439Z,1,2026-09-16T13:15:37.481564+00:00,lgpd,G1
Gilmar Mendes critica vazamento de conversas privadas de Vorcaro e ex-namorada e defende 'LGPD Penal',https://g1.globo.com/politica/noticia/2026/03/09/gilmar-mendes-critica-vazamento-de-conversas-privadas-de-vorcaro-e-ex-namorada-e-defende-lgpd-penal.ghtml,"Caso Vorcaro e Banco Master: o sistema vai contra-atacar ou investigar a si mesmo? O ministro do Supremo Tribunal Federal (STF) Gilmar Mendes classificou como uma “gravíssima violação ao direito à intimidade” a o vazamento de conversas entre o banqueiro Daniel Vorcaro, preso na semana passada em...",2026-03-09T19:04:08.578Z,1,2026-09-16T13:15:37.481564+00:00,lgpd,G1
Santarém lança canal digital para denúncias e reclamações sobre o SUS,https://g1.globo.com/pa/santarem-regiao/noticia/2026/09/04/santarem-lanca-canal-digital-para-denuncias-e-reclamacoes-sobre-o-sus.ghtml,"Santarém ganha ferramenta digital para população enviar denúncias, reclamações e sugestões ao SUS Reprodução/ RBS TV Moradores de Santarém, no oeste do Pará, ganharam uma nova ferramenta para participar da fiscalização e do acompanhamento dos serviços públicos de saúde. Uma plataforma digital...",2026-09-04T20:33:30.561Z,1,2026-09-16T13:15:37.481564+00:00,lgpd,G1
Governo lança medidas para padronizar uso de biometria em portos e aeroportos,https://g1.globo.com/economia/noticia/2026/08/31/governo-quer-padronizar-uso-de-biometria-em-portos-e-aeroportos.ghtml,"O Ministério dos Portos e Aeroportos lançou na tarde desta segunda-feira (31) uma política para ampliar e padronizar o uso de biometria em aeroportos, portos e hidrovias. A iniciativa busca reforçar a segurança e agilizar a identificação de passageiros e trabalhadores nesses locais. Batizada de...",2026-08-31T22:52:12.712Z,1,2026-09-16T13:15:37.481564+00:00,lgpd,G1
TikTok leva multa inédita no Brasil: o que causou a decisão? E o que muda? Veja perguntas e respostas,https://g1.globo.com/tecnologia/noticia/2026/08/26/tiktok-leva-multa-inedita-no-brasil-o-que-causou-a-decisao-e-o-que-muda-veja-perguntas-e-respostas.ghtml,"ANPD multa TikTok em R$ 153,7 milhões por falhas na proteção de menores A multa aplicada contra a ByteDance, dona do TikTok, na terça-feira (25) foi uma medida inédita contra uma empresa de rede social no Brasil. A Agência Nacional de Proteção de Dados (ANPD) determinou que a empresa pague R$ 153,7...",2026-08-26T13:17:40.549Z,1,2026-09-16T13:15:37.481564+00:00,lgpd,G1
Carteirinha do Passe Livre causa dúvidas com nova exigência de documento da LGPD,https://g1.globo.com/mg/triangulo-mineiro/mg1-uberlandia/video/carteirinha-do-passe-livre-causa-duvidas-com-nova-exigencia-de-documento-da-lgpd-14312548.ghtml,"Volta às aulas provoca aumento na procura pelo serviço, que registrou filas e estudantes sem entender a documentação necessária.",2026-02-03T13:40:26-03:00,2,2026-09-16T13:15:38.626725+00:00,lgpd,G1
Prefeitura suspende aplicativo de Zona Azul após vazamento de dados de clientes em Poços de Caldas,https://g1.globo.com/mg/sul-de-minas/noticia/2026/07/14/prefeitura-suspende-aplicativo-de-zona-azul-apos-vazamento-de-dados-de-clientes-em-pocos-de-caldas.ghtml,Prefeitura suspende aplicativo de Zona Azul após vazamento de dados em Poços de Caldas A Prefeitura de Poços de Caldas (MG) determinou a suspensão temporária do aplicativo da empresa EXP Parking que administra o estacionamento rotativo da cidade e o cancelamento de notificações de irregularidades...,2026-07-14T18:14:28.533Z,2,2026-09-16T13:15:38.626725+00:00,lgpd,G1
Fiança Locatícia e LGPD: como proteger dados em um processo tão sensível,https://g1.globo.com/sp/campinas-regiao/especial-publicitario/liveb-bank-liveb-bank-fianca-locaticia/noticia/2025/11/17/fianca-locaticia-e-lgpd-como-proteger-dados-em-um-processo-tao-sensivel.ghtml,"Fiança Locatícia e LGPD: como proteger dados em um processo tão sensível Crédito: Divulgação Alugar um imóvel envolve muito mais do que visitar apartamentos e assinar papéis. Por trás de cada contrato, há uma grande quantidade de dados pessoais sensíveis circulando: documentos, comprovantes de...",2025-11-17T17:18:12.315Z,2,2026-09-16T13:15:38.626725+00:00,lgpd,G1
Homem-Aranha na BMW abre discussão: montadoras podem colocar propaganda na tela do carro?,https://g1.globo.com/carros/noticia/2026/08/20/propaganda-na-tela-do-carro.ghtml,"BMW fez ação em parceria com estúdio de cinema em telas de multimídia de carros da marca Reprodução / Instagram No começo de agosto, proprietários de BMW em mais de 70 países se depararam com um novo ícone na tela da central multimídia dos carros. Ao ligar o veículo, um banner do filme...",2026-08-20T06:00:48.715Z,2,2026-09-16T13:15:38.626725+00:00,lgpd,G1
"ANPD multa TikTok em R$ 153,7 milhões por falhas na proteção de menores",https://g1.globo.com/tecnologia/noticia/2026/08/25/anpd-multa-tiktok-por-falhas-na-protecao-de-menores.ghtml,"ANPD multa TikTok em R$ 153,7 milhões por falhas na proteção de menores A Agência Nacional de Proteção de Dados (ANPD) multou em R$ 153,7 milhões a ByteDance, dona do TikTok, por falhas no tratamento de dados pessoais de crianças e adolescentes. A decisão foi publicada no Diário Oficial da União...",2026-08-26T00:01:26.464Z,2,2026-09-16T13:15:38.626725+00:00,lgpd,G1
"Vazamento de dados de mais de 600 pessoas com HIV na BA viola Constituição, LGPD e outras",https://g1.globo.com/ba/bahia/videos-jornal-da-manha/video/vazamento-de-dados-de-mais-de-600-pessoas-com-hiv-na-ba-viola-constituicao-lgpd-e-outras-13952279.ghtml,Código de Ética Médica e as normas do Sistema Único de Saúde (SUS) também foram violadas após a Prefeitura de Feira de Santana divulgar os dados sigilosos.,2025-09-23T07:26:17-03:00,2,2026-09-16T13:15:38.626725+00:00,lgpd,G1
Câmera escondida no banheiro do trabalho: o que diz a lei e como denunciar,https://g1.globo.com/trabalho-e-carreira/noticia/2026/09/05/camera-escondida-no-banheiro-do-trabalho-o-que-diz-a-lei-e-como-denunciar.ghtml,"Mulher encontrou as filmagens na galera do celular do patrão ao pagar por uma marmita. Arquivo pessoal Uma mulher de 26 anos descobriu que era filmada nua no banheiro da imobiliária em que trabalhava, em Santa Juliana, no Triângulo Mineiro. Segundo a vítima, as imagens foram feitas pelo ex-patrão...",2026-09-06T10:09:21.522Z,2,2026-09-16T13:15:38.626725+00:00,lgpd,G1
LGPD determina regras aos órgãos públicos para protegerem dados dos cidadãos,https://g1.globo.com/to/tocantins/videos-bom-dia-tocantins/video/lgpd-determina-regras-aos-orgaos-publicos-para-protegerem-dados-dos-cidadaos-14030200.ghtml,LGPD determina regras aos órgãos públicos para protegerem dados dos cidadãos,2025-10-21T12:46:30-03:00,2,2026-09-16T13:15:38.626725+00:00,lgpd,G1
Cadastro de agressores e campanha contra abuso infantil: conheça novas leis sancionadas em Cuiabá,https://g1.globo.com/mt/mato-grosso/noticia/2026/08/26/cadastro-de-agressores-e-campanha-contra-abuso-infantil-conheca-novas-leis-de-cuiaba.ghtml,"Violência contra a mulher © Paulo H. Carvalho/Agência Brasília Duas novas leis voltadas à prevenção e ao combate à violência contra mulheres, crianças e adolescentes foram sancionadas em Cuiabá, nesta terça-feira (25). As medidas foram divulgadas pela Prefeitura de Cuiabá e propõe a criação de um...",2026-08-26T16:40:16.890Z,2,2026-09-16T13:15:38.626725+00:00,lgpd,G1
Homem é preso suspeito de agredir a irmã em Itatiba,https://g1.globo.com/sp/sorocaba-jundiai/noticia/2026/08/20/homem-e-preso-suspeito-de-agredir-a-irma-em-itatiba.ghtml,"Homem é preso suspeito de agredir a irmã em Itatiba Um homem de 73 anos foi preso na quarta-feira (19) em Itatiba, na região de Jundiaí (SP), suspeito de agredir a irmã de 77 anos. A vítima foi socorrida e levada para a Santa Casa da cidade. Segundo a equipe médica, a idosa deu entrada no hospital...",2026-08-20T23:17:40.066Z,2,2026-09-16T13:15:38.626725+00:00,lgpd,G1
"Delegada Vilma Alves segue internada após sofrer infarto em Teresina: 'lutando pela vida', diz filha",https://g1.globo.com/pi/piaui/noticia/2026/08/21/delegada-teresina-filha.ghtml,"Delegada Vilma Alves Lucas Marreiros/g1 Vilma Alves, delegada conhecida por décadas de atuação na segurança pública do Piauí, segue internada em um hospital de Teresina após sofrer um infarto na noite da terça-feira (18). De acordo com familiares, ela permanece hospitalizada. ATUALIZAÇÃO: Delegada...",2026-08-23T12:09:55.559Z,3,2026-09-16T13:15:39.812074+00:00,lgpd,G1
"Vazamento de dados de mais de 600 pessoas com HIV na BA viola Constituição, LGPD e outras normas",https://g1.globo.com/ba/feira-de-santana-regiao/noticia/2025/09/23/vazamento-de-dados-de-pessoas-com-hiv-na-ba-viola-leis-e-normas.ghtml,"Vazamento de dados de mais de 600 pessoas com HIV na BA viola Constituição, LGPD e outras O vazamento dos nomes e dados de mais de 600 pessoas que vivem com o HIV pela Prefeitura de Feira de Santana viola ao menos quatro direitos fundamentais da Constituição Brasileira, a Lei Geral de Proteção de...",2025-09-23T13:15:17.806Z,3,2026-09-16T13:15:39.812074+00:00,lgpd,G1
Entidades acionam MPF contra óculos inteligentes da Meta por riscos à privacidade e aos consumidores,https://g1.globo.com/tecnologia/noticia/2026/08/21/entidades-acionam-mpf-contra-oculos-inteligentes-da-meta-por-riscos-a-privacidade-e-aos-consumidores.ghtml,"Óculos inteligentes viram febre em pegadinhas nas redes com exposição de terceiros O Instituto de Defesa de Consumidores (Idec) e a organização Coding Rights pediram nesta quinta-feira (20) que a Agência Nacional de Proteção de Dados (ANPD), a Secretaria Nacional do Consumidor (Senacon) e o...",2026-08-21T13:50:19.593Z,3,2026-09-16T13:15:39.812074+00:00,lgpd,G1
Pastor-belga que atacou veterinária no Senado é retirado das atividades e passará por exames,https://g1.globo.com/df/distrito-federal/noticia/2026/08/19/pastor-belga-que-atacou-veterinaria-no-senado-e-retirado-das-atividades-e-passara-por-exames.ghtml,"O cão da raça pastor belga malinois que atacou uma veterinária do Senado Federal, em Brasília, nesta terça-feira (18), foi retirado das atividades operacionais e passará por exames. Segundo o Senado, o animal está com a vacinação em dia e permanecerá em observação. A instituição também informou que...",2026-08-19T03:00:42.953Z,3,2026-09-16T13:15:39.812074+00:00,lgpd,G1
"Brigou no avião? Você poderá ficar até um ano proibido de voar; entenda, em cinco pontos, a nova regra da Anac",https://g1.globo.com/turismo-e-viagem/noticia/2026/08/20/brigou-no-aviao-voce-podera-ficar-ate-um-ano-proibido-de-voar-entenda-em-cinco-pontos-a-nova-regra-da-anac.ghtml,"Brigou no avião? Você poderá ficar até um ano proibido de voar; entenda, em cinco pontos, a nova regra da Anac BBC Enquanto confusões dentro de aviões se multiplicam em vídeos compartilhados nas redes sociais, a Agência Nacional de Aviação Civil (Anac) se prepara para implementar um sistema de...",2026-08-20T10:38:32.283Z,3,2026-09-16T13:15:39.812074+00:00,lgpd,G1
Motorista de caminhonete persegue e esfaqueia motoboy em pizzaria no PR após briga de trânsito e é encontrado com ajuda de IA,https://g1.globo.com/pr/campos-gerais-sul/noticia/2026/08/21/motorista-de-caminhonete-persegue-e-esfaqueia-motoboy-em-pizzaria-no-pr-apos-briga-de-transito-e-e-encontrado-com-ajuda-de-ia.ghtml,Motorista de caminhonete persegue e esfaqueia motoboy em pizzaria após briga de trânsito O motorista de uma caminhonete perseguiu e esfaqueou um motoboy na frente de uma pizzaria após uma briga de trânsito e foi encontrado e preso com ajuda de inteligência artificial (IA). O crime aconteceu na...,2026-08-21T14:51:44.315Z,3,2026-09-16T13:15:39.812074+00:00,lgpd,G1
"Plano de governo: Du Pereira promete painel público, escritório estadual de projetos e diagnóstico das rodovias",https://g1.globo.com/to/tocantins/eleicoes/2026/noticia/2026/09/03/plano-de-governo-du-pereira-promete-painel-publico-escritorio-estadual-de-projetos-e-diagnostico-das-rodovias.ghtml,"Empresário Du Pereira oficializa candidatura ao governo Reprodução/Instagram Du Pereira A criação de um painel público de obras, a estruturação de um escritório estadual de projetos para auxiliar prefeituras e a realização de um diagnóstico completo das rodovias e pontes do Tocantins estão entre as...",2026-09-03T09:01:20.134Z,3,2026-09-16T13:15:39.812074+00:00,lgpd,G1
"Latam diz que falha de segurança expôs nome, endereço e parte do cartão de crédito de clientes",https://g1.globo.com/tecnologia/noticia/2026/08/19/latam-incidente-seguranca-dados.ghtml,Latam não revelou quantos clientes foram afetados por vazamento de dados Gabriel Magacho/Divulgação Aeroporto da Zona da Mata A companhia aérea Latam informou nesta quarta-feira (19) que uma falha em seu sistema permitiu que dados de clientes fossem consultados por pessoas não autorizadas. A...,2026-08-20T13:25:38.510Z,3,2026-09-16T13:15:39.812074+00:00,lgpd,G1
LGPD em TI: Como empresas podem garantir conformidade com suas operações,https://g1.globo.com/pb/paraiba/especial-publicitario/hostdime/noticia/2025/05/21/lgpd-em-ti-como-empresas-podem-garantir-conformidade-com-suas-operacoes.ghtml,"A HostDime Brasil foi a primeira empresa do Brasil a conquistar a ISO 27701, da LGPD. Freepik A Lei Geral de Proteção de Dados (LGPD) trouxe um novo cenário para empresas que lidam com dados pessoais no Brasil. Desde sua implementação, tornou-se essencial que as empresas adotem práticas rigorosas...",2025-05-21T20:56:11.645Z,3,2026-09-16T13:15:39.812074+00:00,lgpd,G1
Backup local ou em nuvem: o que considerar na escolha da estratégia,https://g1.globo.com/pr/parana/especial-publicitario/gate7-it-solutions-gestao-de-ti-inteligente/noticia/2026/08/25/backup-local-ou-em-nuvem-o-que-considerar-na-escolha-da-estrategia.ghtml,"Entre as decisões técnicas que gestores de tecnologia precisam tomar ao estruturar a proteção de dados de uma empresa, uma das mais recorrentes é a escolha entre manter backups em infraestrutura local, hospedar as cópias em ambientes de nuvem ou combinar os dois modelos. Cada abordagem apresenta...",2026-08-25T12:15:28.046Z,3,2026-09-16T13:15:39.812074+00:00,lgpd,G1
Saiba como evitar ligações abusivas: Procon de Taubaté orienta consumidores,https://g1.globo.com/sp/vale-do-paraiba-regiao/noticia/2026/08/18/saiba-como-evitar-ligacoes-abusivas-procon-de-taubate-orienta-consumidores.ghtml,"Ligações telefônicas Tomasz Piskorski/Freeimages.com O Procon de Taubaté fez uma orientação aos consumidores que recebem ligações insistentes, cobranças que não reconhecem ou chamadas destinadas a localizar outras pessoas. Segundo o órgão, uma ligação isolada não caracteriza necessariamente uma...",2026-08-18T16:23:57.778Z,4,2026-09-16T13:15:40.961713+00:00,lgpd,G1
Vazamento de dados na Latam: entenda o que foi exposto e como se proteger,https://g1.globo.com/tecnologia/noticia/2026/08/20/vazamento-de-dados-na-latam-entenda-o-que-foi-exposto-e-como-se-proteger.ghtml,Latam não revelou quantos clientes foram afetados Latam/Divulgação Clientes da companhia aérea Latam tiveram dados pessoais e parte de números de cartões de crédito expostos após um incidente de segurança que permitiu consultas não autorizadas a seu sistema. Em comunicado enviado na quarta-feira...,2026-08-20T13:20:17.717Z,4,2026-09-16T13:15:40.961713+00:00,lgpd,G1
"Criança de 10 anos ferida após deslizamento de terra onde a mãe morreu segue na UTI, em SC",https://g1.globo.com/sc/santa-catarina/noticia/2026/08/17/crianca-10-anos-ferida-deslizamento-onde-mae-morreu-segue-na-uti.ghtml,"Deslizamento atinge casa, mata mãe e deixa filha ferida em SC A menina de 10 anos ferida após a casa em que mora ser soterrada por um deslizamento em Santo Amaro da Imperatriz (SC) segue internada em estado grave na Unidade de Terapia Intensiva (UTI). A informação foi confirmada nesta segunda-feira...",2026-08-17T13:24:19.048Z,4,2026-09-16T13:15:40.961713+00:00,lgpd,G1
Sua empresa está protegida? HostDime foi pioneira com ISO LGPD no Brasil.,https://g1.globo.com/pb/paraiba/especial-publicitario/hostdime/noticia/2025/05/06/sua-empresa-esta-protegida-hostdime-foi-pioneira-com-iso-lgpd-no-brasil.ghtml,"A HostDime conquistou a ISO 27701, garantindo a proteção de dados com os mais altos padrões de segurança e conformidade, com foco na LGPD e privacidade. HostDime Brasil. Em um mundo onde os dados pessoais estão em todos os lugares — de formulários online a cadastros de clientes —, saber como eles...",2025-05-06T17:48:11.225Z,4,2026-09-16T13:15:40.961713+00:00,lgpd,G1
Cloud para startups: como estruturar infraestrutura desde o início,https://g1.globo.com/pr/parana/especial-publicitario/gate7-it-solutions-gestao-de-ti-inteligente/noticia/2026/08/21/cloud-para-startups-como-estruturar-infraestrutura-desde-o-inicio.ghtml,"O ecossistema de startups brasileiro segue em expansão. Segundo levantamento da consultoria Value Capital, o número de startups ativas no país saltou de 352, em 2016, para 975 em 2025 — um crescimento de quase 40% apenas na última meia década. Nesse universo cada vez mais numeroso, a forma como...",2026-08-21T18:58:14.425Z,4,2026-09-16T13:15:40.961713+00:00,lgpd,G1
Transtorno: Homem engole munição e precisa ser operado no interior de MS,https://g1.globo.com/ms/mato-grosso-do-sul/noticia/2026/08/13/homem-engole-municao-e-passa-por-cirurgia-em-ms.ghtml,"Síndrome de Pica: Saiba mais sobre esse transtorno Um homem, de 44 anos, precisou passar por uma cirurgia após ingerir uma munição intacta de calibre 380, em Sidrolândia (MS). O caso chegou até a polícia após o Hospital Municipal da cidade informar aos agentes sobre a bala encontrada durante o...",2026-08-13T20:17:17.339Z,4,2026-09-16T13:15:40.961713+00:00,lgpd,G1
MP investiga exposição de dados pessoais de mais de 290 pacientes na Bahia; lista inclui registros de exames de HIV e hepatite,https://g1.globo.com/ba/feira-de-santana-regiao/noticia/2026/08/19/mp-investiga-possivel-exposicao-de-dados-pessoais-e-de-saude-de-pacientes-em-santo-estevao.ghtml,"Ministério Público da Bahia investiga possível vazamento de dados de pacientes O Ministério Público da Bahia (MP-BA) investiga a possível exposição de dados pessoais e informações de saúde de mais de 290 pacientes da rede pública de Santo Estevão, cidade no interior da Bahia. O caso foi protocolado...",2026-08-19T18:38:54.476Z,4,2026-09-16T13:15:40.961713+00:00,lgpd,G1
ECA Digital encorpou fiscalização da ANPD sobre redes sociais e proteção de crianças,https://g1.globo.com/politica/blog/julia-duailibi/post/2026/08/13/eca-digital-encorpou-fiscalizacao-da-anpd-sobre-redes-sociais-e-protecao-de-criancas.ghtml,"SEM LIVES NA DISCORD A Autoridade Nacional de Proteção de Dados (ANPD), criada originalmente em 2020 para fiscalizar a aplicação da Lei Geral de Proteção de Dados (LGPD), teve sua atuação ampliada e ""encorpada"" a partir do ano passado. O principal motor dessa mudança foi o ECA Digital, legislação...",2026-08-13T11:20:36.213Z,4,2026-09-16T13:15:40.961713+00:00,lgpd,G1
Veterinária atacada por pastor-belga do Senado no centro de Brasília passa por cirurgia,https://g1.globo.com/df/distrito-federal/noticia/2026/08/18/veterinaria-atacada-por-pastor-belga-do-senado-no-centro-de-brasilia-passa-por-cirurgia-estado-e-grave.ghtml,"Imagens mostram canil do Senado, em Brasília A veterinária que foi atacada por um cachorro na Esplanada dos Ministérios, em Brasília, nesta terça-feira (18), foi encaminhada ao centro cirúrgico do Hospital de Base. O estado de saúde é grave. A cirurgia foi confirmada pelo Instituto de Gestão...",2026-08-18T22:06:17.465Z,4,2026-09-16T13:15:40.961713+00:00,lgpd,G1
Dia do Consumidor: LGPD protege o cidadão com relação às informações pessoais,https://g1.globo.com/pi/piaui/videos-pitv-1-edicao/video/dia-do-consumidor-lgpd-protege-o-cidadao-com-relacao-as-informacoes-pessoais-13428189.ghtml,Dia do Consumidor: LGPD protege o cidadão com relação às informações pessoais,2025-03-15T13:32:06-03:00,4,2026-09-16T13:15:40.961713+00:00,lgpd,G1
UFR expulsa estudante de engenharia após caso de capacitismo contra colega com deficiência,https://g1.globo.com/mt/mato-grosso/noticia/2026/08/11/ufr-desliga-estudante-apos-apuracao-de-caso-de-capacitismo-contra-colega-com-deficiencia-em-mt.ghtml,Estudante que publicou vídeo com falas capacitistas é expulsa da UFR em MT A Universidade Federal de Rondonópolis (UFR) desligou uma estudante do curso de Engenharia Agrícola e Ambiental após concluir um procedimento administrativo sobre um caso de capacitismo contra uma colega com deficiência. O...,2026-08-11T21:39:23.885Z,5,2026-09-16T13:15:42.111072+00:00,lgpd,G1
Jovem de 15 anos morre após ir à UPA com dor de dente no DF; família denuncia negligência,https://g1.globo.com/df/distrito-federal/noticia/2026/08/19/jovem-de-15-anos-morre-apos-ir-a-upa-com-dor-de-dente-no-df-familia-denuncia-negligencia.ghtml,"A adolescente Maria Luiza Abreu Estevam, de 15 anos, morreu após passar por uma sequência de atendimentos de saúde sem sucesso no Distrito Federal. A menina foi velada pela família nesta quarta-feira (19), no cemitério de Sobradinho. Segundo a família, no sábado (8), Maria Luiza foi até a Unidade...",2026-08-20T10:22:29.634Z,5,2026-09-16T13:15:42.111072+00:00,lgpd,G1
Segurança Cibernética: curso atende à crescente demanda por especialistas na área,https://g1.globo.com/ce/ceara/especial-publicitario/unifor/guia-de-profissoes/noticia/2026/08/06/seguranca-cibernetica-curso-atende-a-crescente-demanda-por-especialistas-na-area.ghtml,"Cada vez mais empresas prezam por ativos tecnológicos, o que impulsiona o mercado de trabalho para profissionais de segurança cibernética getty images Entrar para o hall da fama da NASA (National Aeronautics and Space Administration) não é um feito comum, mas um nordestino fez história ao integrar...",2026-08-06T18:07:28.461Z,5,2026-09-16T13:15:42.111072+00:00,lgpd,G1
"Em programa de governo, Ivan Moraes promete tarifa zero, renda básica estadual, câmeras corporais na PM e comitê de cannabis medicinal",https://g1.globo.com/pe/pernambuco/eleicoes/2026/noticia/2026/09/05/plano-de-governo-de-ivan-moraes.ghtml,"Ivan Moraes (PSOL) em coletiva na convenção que lançou sua candidatura ao governo de Pernambuco Paulo Veras/g1 O ex-vereador do Recife Ivan Moraes, candidato ao governo de Pernambuco pelo PSOL, apresentou propostas que vão de um programa de renda básica estadual ao fim do uso de reconhecimento...",2026-09-05T03:00:01.746Z,5,2026-09-16T13:15:42.111072+00:00,lgpd,G1
"Enfermeira denuncia ter sido agredida em plantão no hospital de Samambaia, no DF",https://g1.globo.com/df/distrito-federal/noticia/2026/08/10/enfermeira-denuncia-ter-sido-agredida-durante-plantao-em-hospital-publico-em-samambaia-no-df.ghtml,"Enfermeira denuncia agressões durante plantão em hospital público do DF Reprodução Uma enfermeira de 43 anos denuncia ter sido agredida durante o plantão no Hospital Regional de Samambaia, no Distrito Federal, na noite deste domingo (9). Segundo o Sindicato das Enfermeiras e dos Enfermeiros do...",2026-08-10T21:58:18.868Z,5,2026-09-16T13:15:42.111072+00:00,lgpd,G1
Estudantes de psicologia da Uniso denunciam negligência da gestão ao MEC e apontam crise institucional,https://g1.globo.com/sp/sorocaba-jundiai/noticia/2026/08/11/curso-psicologia-uniso-denuncia-negligencia.ghtml,Estudantes de psicologia da Uniso denunciam negligência da gestão ao MEC e apontam crise Alunos do curso de psicologia da Universidade de Sorocaba (Uniso) formalizaram uma denúncia sobre negligência na reitoria e na coordenação do curso junto ao Ministério da Educação (MEC). Entre os problemas...,2026-08-11T18:48:01.799Z,5,2026-09-16T13:15:42.111072+00:00,lgpd,G1
Câmara de Fortaleza aprova integração de câmeras do Estado e privadas à Guarda Municipal,https://g1.globo.com/ce/ceara/noticia/2026/08/06/camara-de-fortaleza-aprova-integracao-de-cameras-do-estado-e-privadas-a-guarda-municipal.ghtml,"Sistema de videomonitoramento da Guarda de Fortaleza poderá ser ampliado com o projeto de lei. Foto: Rodrigo Carvalho/Prefeitura de Fortaleza. A Câmara de Fortaleza aprovou, nesta quinta-feira (6), uma atualização da política municipal de videomonitoramento, com destaque para a integração de...",2026-08-06T20:28:56.052Z,5,2026-09-16T13:15:42.111072+00:00,lgpd,G1
Cantor sertanejo internado com leucemia e esposa conversam sobre manter a fé na recuperação: ‘Ser positivos diante dos riscos’,https://g1.globo.com/go/goias/noticia/2026/08/08/cantor-sertanejo-internado-com-leucemia-e-esposa-conversam-sobre-manter-a-fe-na-recuperacao-ser-positivos-diante-dos-riscos.ghtml,"Cantor sertanejo internado com leucemia e esposa conversam sobre manter fé na recuperação A esposa do cantor sertanejo Eduardo, Daniele Mesquita e Castro, afirmou ao g1 que o casal busca manter a fé e a positividade durante o tratamento do artista contra uma leucemia. Eduardo está internado...",2026-08-09T00:39:02.811Z,5,2026-09-16T13:15:42.111072+00:00,lgpd,G1
Backup tradicional deixa de ser suficiente diante de ataques modernos,https://g1.globo.com/pr/parana/especial-publicitario/gate7-it-solutions-gestao-de-ti-inteligente/noticia/2026/08/12/backup-tradicional-deixa-de-ser-suficiente-diante-de-ataques-modernos.ghtml,"O Dia Mundial do Backup, celebrado em 31 de março, tem servido nos últimos anos como um lembrete recorrente sobre um problema que persiste nas empresas brasileiras: a fragilidade das rotinas de proteção de dados. Segundo estudos do setor citados por especialistas em armazenamento, parcela...",2026-08-12T20:37:02.665Z,5,2026-09-16T13:15:42.111072+00:00,lgpd,G1
"Cantor sertanejo internado em Goiânia é diagnosticado com leucemia, diz assessoria",https://g1.globo.com/go/goias/noticia/2026/08/06/cantor-sertanejo-internado-em-goiania-e-diagnosticado-com-leucemia-diz-assessoria.ghtml,"Cantor sertanejo é internado após passar mal em Goiânia O cantor Alcemir da Luz Carlos Filho, o Eduardo da dupla Derick & Eduardo, foi diagnosticado com Leucemia Promielocítica e está internado na Unidade de Tratamento Intensivo (UTI) do Hospital das Clínicas, em Goiânia. Segundo informações...",2026-08-07T01:00:14.757Z,5,2026-09-16T13:15:42.111072+00:00,lgpd,G1
